{
  "mae": 0.5975160598754883,
  "rmse": 0.7912092208862305,
  "corr": 0.706472635269165,
  "best_epoch": 6,
  "best_val_rmse": 0.7767605781555176
}