{
  "mae": 0.6160860061645508,
  "rmse": 0.8165073394775391,
  "corr": 0.6828393936157227,
  "best_epoch": 5,
  "best_val_rmse": 0.7870685458183289
}