modality,shape,mean,std,min,max,zero_ratio,nan_ratio
text,"(16265, 50, 300)",2.1287132767611183e-06,1.000479817390442,-11.691107749938965,11.815155982971191,0.0,0.0
audio,"(16265, 50, 74)",4.849698598263785e-07,1.0004404783248901,-90.7851791381836,89.69975280761719,0.0,0.0
vision,"(16265, 50, 35)",-5.826528649777174e-06,1.0001877546310425,-14.880074501037598,14.702519416809082,0.0,0.0
