{
  "cross_modal_corr": [
    [
      1.0,
      -0.037817978120847785,
      -0.5685477692661489
    ],
    [
      -0.037817978120847785,
      1.0,
      -0.07371543915931475
    ],
    [
      -0.5685477692661489,
      -0.07371543915931475,
      0.9999999999999999
    ]
  ],
  "iforest_outlier_ratio": 0.05004611128189364,
  "text_temporal_outlier_ratio": 0.01633326014082239,
  "audio_temporal_outlier_ratio": 0.020772729792974842,
  "vision_temporal_outlier_ratio": 0.02549307703407216,
  "label_mean": 0.14587560296058655,
  "label_std": 1.1247098445892334,
  "label_min": -3.0,
  "label_max": 3.0
}