{
  "mae": 0.604316771030426,
  "rmse": 0.8006429076194763,
  "corr": 0.6953095197677612,
  "best_epoch": 7,
  "best_val_rmse": 0.7915589809417725
}