{
  "mae": 0.6131225824356079,
  "rmse": 0.8119888305664062,
  "corr": 0.6845849752426147,
  "best_epoch": 6,
  "best_val_rmse": 0.806850790977478
}